date,cumCasesByPublishDate,cumDeaths28DaysByDeathDate,newCasesByPublishDate,newDeaths28DaysByPublishDate,cumCases,cumDeaths,dailyTest,percentPos
2020-01-03,,,0,0,0,0,,
2020-01-04,,,0,0,0,0,,
2020-01-05,,,0,0,0,0,,
2020-01-06,,,0,0,0,0,,
2020-01-07,,,0,0,0,0,,
2020-01-08,,,0,0,0,0,,
2020-01-09,,,0,0,0,0,,
2020-01-10,,,0,0,0,0,,
2020-01-11,,,0,0,0,0,,
2020-01-12,,,0,0,0,0,,
2020-01-13,,,0,0,0,0,,
2020-01-14,,,0,0,0,0,,
2020-01-15,,,0,0,0,0,,
2020-01-16,,,0,0,0,0,,
2020-01-17,,,0,0,0,0,,
2020-01-18,,,0,0,0,0,,
2020-01-19,,,0,0,0,0,,
2020-01-20,,,0,0,0,0,,
2020-01-21,,,0,0,0,0,,
2020-01-22,,,0,0,0,0,,
2020-01-23,,,0,0,0,0,,
2020-01-24,,,0,0,0,0,,
2020-01-25,,,0,0,0,0,,
2020-01-26,,,0,0,0,0,,
2020-01-27,,,0,0,0,0,,
2020-01-28,,,0,0,0,0,,
2020-01-29,,,0,0,0,0,,
2020-01-30,,,0,0,0,0,,
2020-01-31,2.0,,2,0,2,0,,
2020-02-01,2.0,,0,0,2,0,,
2020-02-02,2.0,,0,0,2,0,,
2020-02-03,2.0,,0,0,2,0,,
2020-02-04,2.0,,0,0,2,0,,
2020-02-05,2.0,,0,0,2,0,,
2020-02-06,3.0,,1,0,3,0,,
2020-02-07,3.0,,0,0,3,0,,
2020-02-08,3.0,,0,0,3,0,,
2020-02-09,4.0,,1,0,4,0,,
2020-02-10,8.0,,4,0,8,0,,
2020-02-11,8.0,,0,0,8,0,,
2020-02-12,8.0,,0,0,8,0,,
2020-02-13,9.0,,1,0,9,0,,
2020-02-14,9.0,,0,0,9,0,,
2020-02-15,9.0,,0,0,9,0,,
2020-02-16,9.0,,0,0,9,0,,
2020-02-17,9.0,,0,0,9,0,,
2020-02-18,9.0,,0,0,9,0,,
2020-02-19,9.0,,0,0,9,0,,
2020-02-20,9.0,,0,0,9,0,,
2020-02-21,9.0,,0,0,9,0,,
2020-02-22,9.0,,0,0,9,0,,
2020-02-23,9.0,,0,0,9,0,,
2020-02-24,13.0,,4,0,13,0,,
2020-02-25,13.0,,0,0,13,0,,
2020-02-26,13.0,,0,0,13,0,,
2020-02-27,13.0,,0,0,13,0,,
2020-02-28,19.0,,6,0,19,0,,
2020-02-29,23.0,,4,0,23,0,,
2020-03-01,35.0,,12,0,35,0,,
2020-03-02,40.0,1.0,5,0,40,0,,
2020-03-03,51.0,3.0,11,0,51,0,,
2020-03-04,85.0,3.0,34,0,85,0,,
2020-03-05,114.0,6.0,29,0,114,0,,
2020-03-06,160.0,6.0,46,1,160,1,,
2020-03-07,206.0,6.0,46,1,206,2,,
2020-03-08,271.0,9.0,65,0,271,2,,
2020-03-09,321.0,14.0,50,1,321,3,,
2020-03-10,373.0,17.0,52,4,373,7,,
2020-03-11,456.0,25.0,83,0,456,7,,
2020-03-12,590.0,38.0,134,2,590,9,,
2020-03-13,797.0,54.0,207,1,797,10,,
2020-03-14,1061.0,76.0,264,18,1061,28,,
2020-03-15,1391.0,108.0,330,14,1391,42,,
2020-03-16,1543.0,154.0,152,22,1543,64,,
2020-03-17,1950.0,206.0,407,16,1950,80,,
2020-03-18,2626.0,274.0,676,34,2626,114,,
2020-03-19,3269.0,348.0,643,45,3269,159,,
2020-03-20,3983.0,457.0,714,32,3983,191,,
2020-03-21,5018.0,588.0,1035,58,5018,249,,
2020-03-22,5683.0,753.0,665,36,5683,285,,
2020-03-23,6650.0,939.0,967,76,6650,361,,
2020-03-24,8077.0,1176.0,1427,148,8077,509,,
2020-03-25,9529.0,1478.0,1452,191,9529,700,,
2020-03-26,11658.0,1838.0,2129,181,11658,881,,
2020-03-27,14548.0,2237.0,2890,288,14548,1169,,
2020-03-28,17104.0,2673.0,2556,292,17104,1461,,
2020-03-29,19606.0,3180.0,2502,212,19606,1673,,
2020-03-30,22271.0,3765.0,2665,374,22271,2047,,
2020-03-31,25521.0,4426.0,3250,403,25521,2450,11896.0,0.27320107599193005
2020-04-01,30088.0,5193.0,4567,672,30088,3122,11947.0,0.3822717000083703
2020-04-02,34610.0,5998.0,4522,657,34610,3779,13623.0,0.3319386331938633
2020-04-03,39282.0,6837.0,4672,736,39282,4515,14629.0,0.31936564358466063
2020-04-04,43282.0,7741.0,4000,756,43282,5271,16080.0,0.24875621890547264
2020-04-05,49481.0,8655.0,6199,599,49481,5870,13238.0,0.46827315304426653
2020-04-06,53624.0,9547.0,4143,567,53624,6437,13775.0,0.3007622504537205
2020-04-07,57512.0,10546.0,3888,1105,57512,7542,14423.0,0.26956943770366776
2020-04-08,63377.0,11618.0,5865,1030,63377,8572,16443.0,0.35668673599708084
2020-04-09,68052.0,12616.0,4675,1116,68052,9688,19116.0,0.24455953128269511
2020-04-10,73758.0,13558.0,5706,1122,73758,10810,18091.0,0.31540545022386823
2020-04-11,78991.0,14513.0,5234,843,78992,11653,18000.0,0.2907777777777778
2020-04-12,84279.0,15470.0,5288,657,84280,12310,14506.0,0.364538811526265
2020-04-13,88621.0,16363.0,4342,724,88622,13034,14982.0,0.28981444399946604
2020-04-14,93873.0,17222.0,5252,1076,93874,14110,15994.0,0.3283731399274728
2020-04-15,98476.0,18101.0,4605,880,98479,14990,18665.0,0.24671845700508974
2020-04-16,103093.0,18939.0,4618,1036,103097,16026,21328.0,0.21652288072018006
2020-04-17,108692.0,19758.0,5599,913,108696,16939,21389.0,0.2617700687269157
2020-04-18,114217.0,20557.0,5526,1105,114222,18044,21626.0,0.25552575603440303
2020-04-19,120067.0,21320.0,5850,432,120072,18476,19316.0,0.30285773452060466
2020-04-20,124743.0,22102.0,4676,570,124748,19046,17970.0,0.26021146355036173
2020-04-21,129044.0,22844.0,4301,1224,129049,20270,22814.0,0.1885245901639344
2020-04-22,133495.0,23572.0,4451,847,133500,21117,23560.0,0.18892190152801358
2020-04-23,138078.0,24246.0,4583,682,138083,21799,28532.0,0.16062666479742044
2020-04-24,143464.0,24928.0,5386,1010,143469,22809,28760.0,0.1872739916550765
2020-04-25,148377.0,25573.0,4913,815,148382,23624,29058.0,0.16907564181980866
2020-04-26,152840.0,26206.0,4463,364,152845,23988,31610.0,0.14118949699462197
2020-04-27,157149.0,26801.0,4310,320,157155,24308,33287.0,0.1294799771682639
2020-04-28,161145.0,27361.0,3996,969,161151,25277,45505.0,0.08781452587627733
2020-04-29,165221.0,27930.0,4076,769,165227,26046,66793.0,0.061024358839998204
2020-04-30,171253.0,28479.0,6032,634,171259,26680,84215.0,0.07162619485839815
2020-05-01,177454.0,29046.0,6201,698,177460,27378,74893.0,0.08279812532546432
2020-05-02,182260.0,29539.0,4806,584,182266,27962,63559.0,0.07561478311490112
2020-05-03,186599.0,29987.0,4339,253,186605,28215,68817.0,0.06305128093349027
2020-05-04,190584.0,30470.0,3985,272,190590,28487,73068.0,0.05453823835331472
2020-05-05,194990.0,30933.0,4406,726,194996,29213,67444.0,0.06532827234446356
2020-05-06,201101.0,31394.0,6111,647,201107,29860,74761.0,0.08174047966185578
2020-05-07,206715.0,31854.0,5614,458,206721,30318,78912.0,0.07114253852392538
2020-05-08,211364.0,32235.0,4649,579,211370,30897,77892.0,0.059685205155856826
2020-05-09,215260.0,32613.0,3896,275,215266,31172,77202.0,0.05046501385974456
2020-05-10,219183.0,32960.0,3923,217,219189,31389,76942.0,0.050986457331496454
2020-05-11,223060.0,33268.0,3877,187,223066,31576,70360.0,0.055102330869812394
2020-05-12,226463.0,33588.0,3403,614,226469,32190,74859.0,0.04545879586956812
2020-05-13,229705.0,33904.0,3242,447,229711,32637,83472.0,0.0388393712861798
2020-05-14,233151.0,34237.0,3446,352,233157,32989,85166.0,0.040462156259540194
2020-05-15,236711.0,34549.0,3560,350,236717,33339,93934.0,0.03789895032682522
2020-05-16,240161.0,34862.0,3451,411,240168,33750,93353.0,0.03696721048064872
2020-05-17,243723.0,35128.0,3562,67,243730,33817,82141.0,0.043364458674717866
2020-05-18,246406.0,35421.0,2684,146,246414,33963,72532.0,0.037004356697733415
2020-05-19,248818.0,35696.0,2412,500,248826,34463,88126.0,0.027369902185507115
2020-05-20,248293.0,35963.0,2472,328,251298,34791,87819.0,0.02814880606702422
2020-05-21,250908.0,36200.0,2615,273,253913,35064,107919.0,0.024231136315199363
2020-05-22,254195.0,36422.0,3287,291,257200,35355,92143.0,0.03567281291036758
2020-05-23,257154.0,36638.0,2959,220,260159,35575,92312.0,0.03205433746425167
2020-05-24,259559.0,36833.0,2409,379,262568,35954,59633.0,0.040397095567890264
2020-05-25,261184.0,37034.0,1625,104,264193,36058,78478.0,0.020706440021407275
2020-05-26,265227.0,37246.0,2004,131,266197,36189,78099.0,0.02565973956132601
2020-05-27,267240.0,37443.0,2013,422,268210,36611,83014.0,0.024248921868600476
2020-05-28,269127.0,37660.0,1887,343,270097,36954,102734.0,0.01836782370004088
2020-05-29,271222.0,37846.0,2095,274,272192,37228,106552.0,0.019661761393498012
2020-05-30,272826.0,38009.0,2445,154,274637,37382,97387.0,0.02510602031071909
2020-05-31,274762.0,38135.0,1936,60,276573,37442,105434.0,0.018362198152398656
2020-06-01,276332.0,38270.0,1570,86,278143,37528,101571.0,0.015457167892410235
2020-06-02,277985.0,38439.0,1613,249,279756,37777,129183.0,0.012486163040028487
2020-06-03,279856.0,38594.0,1871,254,281627,38031,143443.0,0.013043508571348898
2020-06-04,281661.0,38728.0,1805,130,283432,38161,144224.0,0.012515254049256712
2020-06-05,283311.0,38850.0,1650,258,285082,38419,145009.0,0.011378604086642898
2020-06-06,284868.0,38961.0,1557,143,286639,38562,117581.0,0.01324193534669717
2020-06-07,286194.0,39088.0,1326,54,287965,38616,104122.0,0.012735060794068496
2020-06-08,287399.0,39211.0,1205,47,289170,38663,98445.0,0.012240337244146478
2020-06-09,289140.0,39301.0,1387,195,290557,38858,133102.0,0.010420579705789544
2020-06-10,290143.0,39410.0,1003,164,291560,39022,145509.0,0.006893044416496574
2020-06-11,291409.0,39490.0,1266,76,292826,39098,149344.0,0.008477073066209557
2020-06-12,292950.0,39569.0,1541,131,294367,39229,147099.0,0.010475937973745573
2020-06-13,294375.0,39632.0,1425,107,295792,39336,120409.0,0.011834663521829764
2020-06-14,295889.0,39719.0,1514,27,297306,39363,83965.0,0.01803132257488239
2020-06-15,296857.0,39789.0,1056,29,298362,39392,101337.0,0.010420675567660381
2020-06-16,298136.0,39873.0,1279,120,299641,39512,122435.0,0.010446359292685914
2020-06-17,299251.0,39931.0,1115,110,300756,39622,131631.0,0.00847064901125115
2020-06-18,300469.0,39992.0,1218,67,301974,39689,135854.0,0.008965507088492058
2020-06-19,301815.0,40044.0,1346,84,303320,39773,133535.0,0.010079754371513086
2020-06-20,303110.0,40104.0,1295,71,304615,39844,117971.0,0.010977274075832197
2020-06-21,304331.0,40158.0,1221,31,305836,39875,76514.0,0.015957863920328306
2020-06-22,305289.0,40222.0,958,14,306794,39889,102957.0,0.009304855425080373
2020-06-23,306210.0,40286.0,874,94,307668,39983,130680.0,0.006688093051729415
2020-06-24,306862.0,40361.0,653,87,308321,40070,140303.0,0.0046542126682964724
2020-06-25,307980.0,40429.0,1118,99,309439,40169,155176.0,0.007204722379749446
2020-06-26,309360.0,40470.0,1006,79,310445,40248,144928.0,0.0069413777875910795
2020-06-27,310250.0,40519.0,890,40,311335,40288,117741.0,0.00755896416711256
2020-06-28,311151.0,40563.0,901,31,312236,40319,90229.0,0.009985703044475724
2020-06-29,311965.0,40602.0,815,21,313051,40340,105384.0,0.007733621802171108
2020-06-30,312654.0,40649.0,689,53,313740,40393,144787.0,0.004758714525475353
2020-07-01,313483.0,40676.0,829,97,314569,40490,157131.0,0.005275852632516817
2020-07-02,283757.0,40719.0,576,41,315145,40531,169259.0,0.003403068669908247
2020-07-03,284276.0,40748.0,544,50,315689,40581,172566.0,0.003152417046231587
2020-07-04,284900.0,40781.0,624,32,316313,40613,126100.0,0.004948453608247422
2020-07-05,285416.0,40808.0,516,19,316829,40632,97315.0,0.005302368596824744
2020-07-06,285768.0,40843.0,343,11,317172,40643,94284.0,0.003637944932332103
2020-07-07,286349.0,40870.0,581,54,317753,40697,126238.0,0.004602417655539537
2020-07-08,286979.0,40894.0,630,57,318383,40754,153092.0,0.004115172575967392
2020-07-09,287621.0,40931.0,642,31,319025,40785,161796.0,0.00396795965289624
2020-07-10,288133.0,40952.0,512,34,319537,40819,154864.0,0.0033061266659778904
2020-07-11,288953.0,40974.0,820,17,320357,40836,134890.0,0.0060790273556231
2020-07-12,289603.0,40987.0,650,9,321007,40845,101927.0,0.006377113031875754
2020-07-13,290133.0,41011.0,530,10,321537,40855,97403.0,0.005441310842581851
2020-07-14,291373.0,41032.0,398,44,321935,40899,132121.0,0.0030123901575071334
2020-07-15,291911.0,41052.0,538,26,322473,40925,152063.0,0.0035380072733011973
2020-07-16,292552.0,41065.0,642,24,323115,40949,165966.0,0.003868262174180254
2020-07-17,293239.0,41083.0,687,26,323802,40975,177625.0,0.003867698803659395
2020-07-18,294066.0,41097.0,827,9,324629,40984,140393.0,0.00589060708154965
2020-07-19,294792.0,41111.0,726,11,325355,40995,120968.0,0.00600158719661398
2020-07-20,295372.0,41123.0,557,10,325912,41005,101741.0,0.005474685721587168
2020-07-21,295817.0,41143.0,445,25,326357,41030,142559.0,0.003121514600972229
2020-07-22,296377.0,41160.0,560,17,326917,41047,147595.0,0.00379416646905383
2020-07-23,297146.0,41176.0,769,9,327686,41056,152133.0,0.00505478758717701
2020-07-24,297914.0,41183.0,768,32,328454,41088,157229.0,0.004884595081060109
2020-07-25,298681.0,41198.0,767,15,329221,41103,142954.0,0.005365362284371196
2020-07-26,299426.0,41214.0,745,8,329966,41111,113424.0,0.006568274791931161
2020-07-27,300111.0,41225.0,685,3,330651,41114,99090.0,0.006912907457866586
2020-07-28,300692.0,41237.0,581,21,331232,41135,154946.0,0.003749693441586101
2020-07-29,301455.0,41249.0,763,34,331995,41169,165480.0,0.00461082910321489
2020-07-30,302301.0,41259.0,846,0,332841,41169,206656.0,0.004093759677918861
2020-07-31,303181.0,41273.0,880,20,333721,41189,190220.0,0.00462622226895174
2020-08-01,303942.0,41284.0,761,13,334482,41202,162088.0,0.004694980504417354
2020-08-02,304685.0,41294.0,744,5,335226,41207,163786.0,0.004542512791081045
2020-08-03,305623.0,41309.0,898,1,336124,41208,158666.0,0.00565968764574641
2020-08-04,306293.0,41323.0,670,18,336794,41226,163422.0,0.004099815202359535
2020-08-05,307184.0,41329.0,892,14,337686,41240,174519.0,0.0051111913316028625
2020-08-06,308134.0,41338.0,950,18,338636,41258,185980.0,0.005108076137219056
2020-08-07,309005.0,41350.0,871,12,339507,41270,181864.0,0.004789293098139269
2020-08-08,309763.0,41364.0,758,3,340265,41273,165176.0,0.0045890444132319465
2020-08-09,310825.0,41372.0,1062,5,341327,41278,166207.0,0.006389622579073084
2020-08-10,311641.0,41385.0,740,18,342067,41296,164061.0,0.004510517429492688
2020-08-11,312789.0,41395.0,1148,13,343215,41309,166311.0,0.006902730426730643
2020-08-12,313798.0,41402.0,1009,20,344224,41329,184444.0,0.00547049510962677
2020-08-13,314927.0,41411.0,1129,18,345353,41347,169857.0,0.00664676757507786
2020-08-14,316367.0,41418.0,1441,11,346794,41358,177957.0,0.008097461746376934
2020-08-15,317444.0,41430.0,1077,3,347871,41361,182987.0,0.005885664008918667
2020-08-16,318484.0,41434.0,1040,5,348911,41366,169276.0,0.006143812471939318
2020-08-17,319197.0,41446.0,713,3,349624,41369,150174.0,0.004747825855341138
2020-08-18,320286.0,41455.0,1089,12,350713,41381,163010.0,0.006680571744064781
2020-08-19,321098.0,41458.0,812,16,351525,41397,190434.0,0.004263944463698709
2020-08-20,322280.0,41466.0,1182,6,352707,41403,183933.0,0.006426253037790935
2020-08-21,323313.0,41473.0,1033,2,353740,41405,191360.0,0.005398202341137124
2020-08-22,324601.0,41481.0,1288,18,355028,41423,181455.0,0.007098178611777025
2020-08-23,325761.0,41495.0,1160,6,356188,41429,175209.0,0.006620664463583492
2020-08-24,326614.0,41501.0,853,4,357041,41433,153393.0,0.0055608795707757196
2020-08-25,327798.0,41513.0,1184,16,358225,41449,186500.0,0.006348525469168901
2020-08-26,328846.0,41524.0,1048,16,359273,41465,208835.0,0.0050183158953240594
2020-08-27,330368.0,41532.0,1522,12,360795,41477,203416.0,0.007482203956424274
2020-08-28,331644.0,41542.0,1276,9,362071,41486,197211.0,0.006470227319977081
2020-08-29,332752.0,41547.0,1108,12,363179,41498,183510.0,0.006037818102555719
2020-08-30,334467.0,41553.0,1715,1,364894,41499,182065.0,0.00941971273995551
2020-08-31,335873.0,41562.0,1406,2,366300,41501,181934.0,0.007728077214814164
2020-09-01,337168.0,41565.0,1295,3,367595,41504,175687.0,0.007371063311457308
2020-09-02,338676.0,41574.0,1508,10,369103,41514,203221.0,0.007420492960865265
2020-09-03,340411.0,41584.0,1735,13,370838,41527,206883.0,0.008386382641396345
2020-09-04,342351.0,41591.0,1940,10,372778,41537,210463.0,0.009217772245002684
2020-09-05,344164.0,41604.0,1813,12,374591,41549,191588.0,0.009463014385034553
2020-09-06,347152.0,41612.0,2988,2,377579,41551,189974.0,0.015728468106161894
2020-09-07,350100.0,41627.0,2948,3,380527,41554,195692.0,0.01506448909510864
2020-09-08,352560.0,41636.0,2460,32,382987,41586,209609.0,0.0117361372841815
2020-09-09,355219.0,41645.0,2659,8,385646,41594,227465.0,0.011689710504912843
2020-09-10,358138.0,41658.0,2919,14,388565,41608,240312.0,0.01214670927793868
2020-09-11,361677.0,41671.0,3539,6,392104,41614,250839.0,0.014108651366015652
2020-09-12,365174.0,41689.0,3497,9,395601,41623,231969.0,0.015075290232746617
2020-09-13,368504.0,41705.0,3330,5,398931,41628,227075.0,0.014664758339755588
2020-09-14,371125.0,41726.0,2621,9,401552,41637,221192.0,0.01184943397591233
2020-09-15,374228.0,41744.0,3105,27,404657,41664,288822.0,0.010750566092610674
2020-09-16,378219.0,41770.0,3991,20,408648,41684,285296.0,0.013988979866524592
2020-09-17,381614.0,41797.0,3395,21,412043,41705,267294.0,0.012701370027011456
2020-09-18,385936.0,41820.0,4322,27,416365,41732,289911.0,0.01490802349686628
2020-09-19,390358.0,41840.0,4422,27,420787,41759,265697.0,0.016643018174838254
2020-09-20,394257.0,41871.0,3899,18,424686,41777,247099.0,0.015779100684341095
2020-09-21,398625.0,41898.0,4368,11,429054,41788,218059.0,0.020031275939080707
2020-09-22,403551.0,41937.0,4926,37,433980,41825,246359.0,0.019995210241963962
2020-09-23,409729.0,41993.0,6178,37,440158,41862,269428.0,0.022930059236604957
2020-09-24,416363.0,42028.0,6634,40,446792,41902,274768.0,0.024144005124323065
2020-09-25,423236.0,42060.0,6874,35,453666,41937,298718.0,0.023011669869241223
2020-09-26,429277.0,42099.0,6042,34,459708,41971,260297.0,0.023211946353588402
2020-09-27,434969.0,42146.0,5693,17,465401,41988,267438.0,0.021287176840987444
2020-09-28,439013.0,42200.0,4044,13,469445,42001,231923.0,0.017436821703755125
2020-09-29,446156.0,42248.0,7143,71,476588,42072,237300.0,0.030101137800252843
2020-09-30,453264.0,42305.0,7108,71,483696,42143,261798.0,0.027150703977876074
2020-10-01,460178.0,42371.0,6914,59,490610,42202,271552.0,0.025461053499882157
2020-10-02,467146.0,42439.0,6968,66,497578,42268,276740.0,0.025178868251788684
2020-10-03,480017.0,42505.0,12872,49,510450,42317,288746.0,0.044578972522563085
2020-10-04,502978.0,42565.0,22961,33,533411,42350,251623.0,0.09125159464754812
2020-10-05,515571.0,42635.0,12594,19,546005,42369,276603.0,0.04553095953406145
2020-10-06,530113.0,42704.0,14542,76,560547,42445,265809.0,0.054708456071841056
2020-10-07,544275.0,42806.0,14162,70,574709,42515,259544.0,0.05456492926054927
2020-10-08,561815.0,42898.0,17540,77,592249,42592,290104.0,0.060461076027907235
2020-10-09,575679.0,42977.0,13864,87,606113,42679,302820.0,0.045782973383528165
2020-10-10,590844.0,43080.0,15166,81,621279,42760,281976.0,0.053784719266887965
2020-10-11,603716.0,43203.0,12872,65,634151,42825,259478.0,0.049607288479177426
2020-10-12,617688.0,43315.0,13972,50,648123,42875,222047.0,0.0629236152706409
2020-10-13,634920.0,43425.0,17234,143,665357,43018,268142.0,0.06427191562679475
2020-10-14,654644.0,43540.0,19724,137,685081,43155,300523.0,0.06563224778136782
2020-10-15,673622.0,43691.0,18980,138,704061,43293,308856.0,0.06145258631854327
2020-10-16,689257.0,43838.0,15650,136,719711,43429,318256.0,0.049174249660650544
2020-10-17,705428.0,44014.0,16171,150,735882,43579,309642.0,0.052224827381298404
2020-10-18,722409.0,44173.0,16982,67,752864,43646,307388.0,0.05524613843090817
2020-10-19,741212.0,44364.0,18804,80,771668,43726,263530.0,0.07135430501271202
2020-10-20,762542.0,44558.0,21331,241,792999,43967,283882.0,0.07514037522632643
2020-10-21,789229.0,44780.0,26688,191,819687,44158,314861.0,0.0847612120904145
2020-10-22,810467.0,45014.0,21242,189,840929,44347,343912.0,0.06176580055363
2020-10-23,830998.0,45236.0,20530,224,861459,44571,351736.0,0.058367639365888055
2020-10-24,854010.0,45449.0,23012,174,884471,44745,319359.0,0.07205683885533208
2020-10-25,873800.0,45697.0,19790,151,904261,44896,321736.0,0.06151005793569883
2020-10-26,894690.0,45974.0,20890,102,925151,44998,264350.0,0.07902402118403631
2020-10-27,917575.0,46240.0,22885,367,948036,45365,311135.0,0.07355328073022964
2020-10-28,942275.0,46523.0,24701,310,972737,45675,343822.0,0.07184240682678827
2020-10-29,965340.0,46833.0,23065,280,995802,45955,378085.0,0.06100480050782232
2020-10-30,989745.0,47171.0,24405,274,1020207,46229,330237.0,0.07390147076190735
2020-10-31,1011660.0,47491.0,21915,326,1042122,46555,308232.0,0.07109904227984117
2020-11-01,1034914.0,47847.0,23254,162,1065376,46717,283009.0,0.08216699822267136
2020-11-02,1053864.0,48177.0,18950,136,1084326,46853,219321.0,0.08640303482110696
2020-11-03,1073882.0,48536.0,20018,397,1104344,47250,275486.0,0.07266430962008959
2020-11-04,1099059.0,48865.0,25177,492,1129521,47742,308672.0,0.08156554530375285
2020-11-05,1123197.0,49241.0,24141,378,1153662,48120,355551.0,0.06789743243585308
2020-11-06,1146484.0,49641.0,23287,355,1176949,48475,362649.0,0.06421360599367433
2020-11-07,1171441.0,50031.0,24957,413,1201906,48888,332529.0,0.07505210071903504
2020-11-08,1192013.0,50444.0,20572,156,1222478,49044,286364.0,0.07183863893506166
2020-11-09,1213363.0,50924.0,21350,194,1243828,49238,250291.0,0.08530070997359074
2020-11-10,1233775.0,51311.0,20412,532,1264240,49770,310141.0,0.06581522597786169
2020-11-11,1256725.0,51698.0,22950,595,1287190,50365,381643.0,0.06013473324546762
2020-11-12,1290195.0,52116.0,33470,563,1320660,50928,383999.0,0.08716168531688885
2020-11-13,1317496.0,52549.0,27301,376,1347961,51304,385916.0,0.07074337420578572
2020-11-14,1344356.0,52977.0,26860,462,1374821,51766,344679.0,0.07792757899378842
2020-11-15,1369318.0,53427.0,24962,168,1399783,51934,284662.0,0.08768996213052672
2020-11-16,1390681.0,53850.0,21363,213,1421146,52147,236629.0,0.09028056578018755
2020-11-17,1410732.0,54290.0,20051,598,1441197,52745,286546.0,0.06997480334745555
2020-11-18,1430341.0,54777.0,19609,529,1460806,53274,367626.0,0.05333953528858133
2020-11-19,1453256.0,55238.0,22915,501,1483721,53775,399929.0,0.057297670336484724
2020-11-20,1473508.0,55689.0,20252,511,1503973,54286,395881.0,0.051156787014279545
2020-11-21,1493383.0,56150.0,19875,341,1523848,54627,369943.0,0.05372449269211743
2020-11-22,1512045.0,56627.0,18662,398,1542510,55025,279458.0,0.06677926557836956
2020-11-23,1527495.0,57088.0,15450,206,1557960,55231,214920.0,0.07188721384701284
2020-11-24,1538794.0,57544.0,11299,608,1569259,55839,314800.0,0.035892630241423126
2020-11-25,1557007.0,58023.0,18213,696,1587472,56535,359597.0,0.050648364697147084
2020-11-26,1574562.0,58459.0,17555,498,1605027,57033,387945.0,0.04525125984353452
2020-11-27,1589301.0,58877.0,16022,521,1621049,57554,337481.0,0.04747526527419321
2020-11-28,1605172.0,59337.0,15871,479,1636920,58033,311855.0,0.050892241586634815
2020-11-29,1617327.0,59798.0,12155,215,1649075,58248,220377.0,0.05515548355772154
2020-11-30,1629657.0,60217.0,12330,205,1661405,58453,216509.0,0.05694913375425502
2020-12-01,1643086.0,60618.0,13430,603,1674835,59056,314921.0,0.04264561588461868
2020-12-02,1659256.0,61003.0,16170,648,1691005,59704,356518.0,0.04535535372688055
2020-12-03,1674134.0,61474.0,14879,414,1705884,60118,393216.0,0.037839253743489586
2020-12-04,1690432.0,61944.0,16298,504,1722182,60622,385114.0,0.04231993643440644
2020-12-05,1705971.0,62336.0,15539,397,1737721,61019,356216.0,0.04362240887551373
2020-12-06,1723242.0,62751.0,17272,231,1754993,61250,273122.0,0.06323913855346695
2020-12-07,1737960.0,63170.0,14718,189,1769711,61439,218055.0,0.06749673247575153
2020-12-08,1750241.0,63603.0,12282,616,1781993,62055,297220.0,0.04132292577888433
2020-12-09,1766819.0,64030.0,16578,533,1798571,62588,372446.0,0.044511150609752824
2020-12-10,1787783.0,64475.0,20964,516,1819535,63104,404236.0,0.05186079418953285
2020-12-11,1809455.0,64926.0,21672,424,1841207,63528,395510.0,0.054795074713660845
2020-12-12,1830956.0,65364.0,21502,519,1862709,64047,359457.0,0.05981800326603738
2020-12-13,1849403.0,65777.0,18447,144,1881156,64191,312638.0,0.05900434368183011
2020-12-14,1869666.0,66253.0,20263,232,1901419,64423,277944.0,0.07290317474023544
2020-12-15,1888116.0,66703.0,18450,506,1919869,64929,307039.0,0.06009008627568485
2020-12-16,1913277.0,67140.0,25161,613,1945030,65542,368542.0,0.06827173022342094
2020-12-17,1948660.0,67663.0,35383,532,1980413,66074,378279.0,0.09353678105313802
2020-12-18,1977167.0,68167.0,28507,489,2008920,66563,394152.0,0.07232488989019464
2020-12-19,2004219.0,68637.0,27052,534,2035972,67097,442246.0,0.061169575304242434
2020-12-20,2040147.0,69131.0,35928,326,2071900,67423,433950.0,0.08279294849637055
2020-12-21,2073511.0,69688.0,33364,215,2105264,67638,426132.0,0.07829498840734796
2020-12-22,2110314.0,70221.0,36804,691,2142068,68329,456252.0,0.08066594776570843
2020-12-23,2149551.0,70754.0,39237,744,2181305,69073,512858.0,0.0765065573706562
2020-12-24,2189428.0,71304.0,39877,585,2221182,69658,466273.0,0.085522858925994
2020-12-25,2222153.0,71873.0,32725,613,2253907,70271,339612.0,0.09635996372330778
2020-12-26,2257844.0,72476.0,35691,230,2289598,70501,270611.0,0.13189042574026924
2020-12-27,2288345.0,73078.0,30501,317,2320099,70818,353290.0,0.08633417305896006
2020-12-28,2329730.0,73693.0,41385,357,2361484,71175,357880.0,0.11563932044260646
2020-12-29,2382865.0,74300.0,53135,414,2414619,71589,347445.0,0.15293067967591992
2020-12-30,2432888.0,74918.0,50023,981,2464642,72570,423582.0,0.11809519762407279
2020-12-31,2488780.0,75517.0,55892,964,2520534,73534,485537.0,0.11511378123603351
2021-01-01,2542065.0,76081.0,53285,656,2573819,74190,423400.0,0.12585025980160605
2021-01-02,2599789.0,76631.0,57725,445,2631544,74635,412073.0,0.14008440252091256
2021-01-03,2654779.0,77190.0,54990,455,2686534,75090,429488.0,0.1280361733040271
2021-01-04,2713563.0,77786.0,58784,407,2745318,75497,466600.0,0.12598371195885127
2021-01-05,2774479.0,78273.0,60916,830,2806234,76327,501324.0,0.12151024088214409
2021-01-06,2836801.0,78501.0,62322,1041,2868556,77368,561217.0,0.1110479547127047
2021-01-07,2889419.0,,52618,1162,2921174,78530,623787.0,0.08435251135403592
